Rálátási háromszög hiánya. Nem biztosított útátjárók (3+69, 4+53);reduced_triangle_of_vision
Pályaállapot. Műszaki állapot;track_structure_error
Pályaállapot. Műszaki állapot;track_structure_error
Pályaállapot. műszaki állapot;track_structure_error
Pályaállapot. Talpfák, vasbetonaljak, függőleges és vízszintes kapcsolószerek állapota, szennyezett ágyazat (kb. 65%);rotten_wooden_sleepers, broken_concrete_sleepers, faulty_rail_fasteners, dirty_trackbed
Kitérő állapota. fekszint-, irányhibák, avult keresztaljak, kapcsolószerek, a kitérő forgalomból kizárva;track_level_error, direction_error, faulty_sleepers, faulty_rail_fasteners
Pályaállapot. Műszaki állapot.;track_structure_error
Pályaállapot. x;track_structure_error
Pályahiba. műszaki áll.;track_structure_error
Pályahiba. Műszaki áll.;track_structure_error
Pályaállapot. x;track_structure_error
Geometria miatt. ív viszonyok;small_curve_radius
Pályaállapot. avult felépítmény;superstructure_error
Pályaállapot. Műszaki állapot;track_structure_error
Pályaállapot. kizárva;track_structure_error
Kitérő állapota. aljak rossz állaga;faulty_sleepers
Pályaállapot. Visszatérő fekszinthiba miatt;track_level_error
Pályahiba. síntörés ideiglenes elhárítása után technológiai okból;broken_rail
Pályaállapot. Avult felépítmény, korhadt fabetétek;superstructure_error, rotten_wooden_inlay
Pályaállapot. Vágány lezárva kihasználatlanság (nincs anyagrakodás) miatt;no_maintenance_due_to_underutilization
Pályaállapot. kizárva;track_structure_error
Pályaállapot. Rossz aljállag, szennyezett ágyazat;faulty_sleepers, dirty_trackbed
Pályaállapot. műszaki állapot;track_structure_error
Pályaállapot. x;track_structure_error
Egyéb ok. pályageometriai adottságok miatt sebesség nem emelhető;small_curve_radius
Egyéb ok. Behatási pontok rövidsége miatt páratlan számú vonatok részére. Csak Orosháza felől.;entry_point_too_close_to_crossing
Pályaállapot. Pályaszerkezeti elégtelenség;track_structure_error
Pályaállapot. járhatatlan a vágány forgalomból kizárva;track_structure_error
Egyéb ok. állagmegóvás;track_structure_error
Pályaállapot. Vágánygeometriai elégtelenség;geometry_error
Kitérő állapota. Pályaszerkezeti elégtelenség;superstructure_error
Egyéb ok. Fenntartásból való kivonás a vágány forgalomból kizárva;no_maintenance
Pályaállapot. nyomtáv hiba és az aljak műszaki állapota miatt forgalom alól kizárva;gauge_error, faulty_sleepers
Pályahiba. Síktorzulás.;distorted_track_plane
Pályahiba. Ideiglenesen helyreállított síntörés;broken_rail
Pályahiba. Sínfej töredezettség.;head_check_error
Kitérő állapota. Csúcsbetétből kitört egy darab.;broken_switch_frog_insert
Pályahiba. Nagy számú csavar beszakadás okozta irányhibák;broken_rail_fasteners, direction_error
Kitérő állapota.  Pályaszerkezeti elégtelenség;superstructure_error
Baleset miatt. siklás után.;recent_derailment
Pályaállapot.  Vágánygeometriai elégtelenség;geometry_error
Pályahiba. Csavarbeszakadás miatti iránytörés és síktorzulás.;broken_rail_fasteners, misaligned_rails
Pályahiba. HC hibás kitérő alkatrészek;head_check_error
Pályahiba. Csúcssín kitöredezettsége miatt;broken_switch_point_blade
Pályahiba. Betonalj betétek rossz állapota;worn_plastic_inlay
Pályaállapot. alj és kapcsolószer állapot a vágány forgalomból kizárva;faulty_sleepers, faulty_rail_fasteners
Pályahiba. A kitérőben és csatlakozó részén sáros ágyazat, fekszint hibák.;trackbed_muddying, track_level_error
Pályahiba. Kitérőfák rossz állapota.;rotten_wooden_sleepers
Pályahiba. A kitérőfák rossz állapota.;rotten_wooden_sleepers
Pályahiba. A váltórész alkatrészei és a kitérőfák rossz állapota.;rotten_wooden_sleepers, worn_parts
Pályahiba. Kitérő alkatrészek kopása.;worn_parts
Pályahiba. Sáros ágyazat;trackbed_muddying
Pályahiba. Ker. csúcsbetét és csúcssín kitöredezettsége.;broken_switch_frog_insert, broken_switch_point_blade
Hatósági határozat. x;usage_permit
Pályaállapot. Keresztaljak állapota miatt;faulty_sleepers
Pályaállapot. Rossz állapotú talpfák és fekszint hibák;rotten_wooden_sleepers, track_level_error
Pályaállapot. Általános műszaki állapot;track_structure_error
Egyéb ok. A csonka vágány rövid hossza miatt;short_dead_end
Beruházási munka. MUnkavédelmiokból;protecting_workers
Pályahiba. Csilléry dil. készülék köszörülését követően kisebb a kitöredezettség mértéke.;broken_expansion_joint
Két közeli sebességkorlátozás közti pályaszakaszokra (műszaki). Műszaki ok.;joint_srs
Karbantartási munka. Technológiai sebességkorlátozás.;protecting_workers
Pályahiba. Fekszint szabályozást követően sebességemelés;track_level_error
Karbantartási munka. Munkavédelmi sebességkorlátozás.;protecting_workers
Híd állapot. Hídsaru és -szerkezet függőleges mozgása, hídfákban tapasztalt beszakadt csavarok;vertically_moving_bridge_structure, vertically_moving_bridge_bearing, broken_screws_in_bridge_timbers
Beruházási munka. Forgalomba helyezés után;after_track_works
"Pályahiba. 42.,52,54,62 és 70. sz. kitérők ""HC"" sínhibája miatt";head_check_error
Pályahiba. Outsourcing Karbantartás 2023 keretében FKG Kft. kitérőszabályozása miatt süppedés maradt a jobb átmenő fővágányban a 42 és 52 sz. kitérők között a forgalomba helyezést követően.;track_sinking, incompetent_track_works
"Pályahiba. ""HC"" sínhibák a kitérőkben";head_check_error
Pályaállapot. alj és kapcsolószer állapot;faulty_sleepers, faulty_rail_fasteners
Pályahiba. szivárgórendszer hiánya miatti ágyazat sárosodás.;missing_drainage_system, trackbed_muddying
Hatósági határozat. UVH/VF/762/4/2013;usage_permit
Pályaállapot csak tehervonatok részére. Korhadt fabetétek, avultság;rotten_wooden_sleepers
Kitérő állapota. Korhadt aljak. Kopott alkatrészek;faulty_sleepers, worn_parts
Pályaállapot. Korhadt fabetétek, avultság;rotten_wooden_sleepers
Pályaállapot. Korhadt aljak;faulty_sleepers
Pályaállapot. Elbontott mérleg helyén tömörítés hiányosság, fekszinthiba, korhadt aljak;demolished_track_scale, uncompacted_trackbed, track_level_error, rotten_wooden_sleepers
Pályahiba. fekszint hiba;track_level_error
Egyéb ok miatt. a Schöller hídon lévő hangfogó-falak állapota miatt;worn_noise_barrier
Hatósági határozat.;usage_permit
Felújítási munka. Technológiai lassújel;protecting_workers
Felújítási munka. technológiai okból;protecting_workers
Pályaállapot. Korhadt fabetétek;rotten_wooden_inlay
Felújítási munka. Forgalomba-helyezés után technológiai okból;after_track_works
Egyéb ok. pályakapacítás csökkentés_2007;no_maintenance_due_to_capacity_reduction
Pályaállapot. korhadt betétek;rotten_wooden_inlay
Pályaállapot csak tehervonatok részére. Korhadt fabetétek;rotten_wooden_inlay
Egyéb ok. pályakapitás csökkentés_2007;no_maintenance_due_to_capacity_reduction
Hatósági határozat. Építési engedély VHF-2720-8/2022-TIM;usage_permit
Kitérő állapota. Kopott alkatrész, korhadt aljak;worn_parts, rotten_wooden_sleepers
Egyéb ok. baleset utáni helyreállítás elmaradása;not_restored_after_recent_accident
Pályaállapot csak tehervonatok részére. avultság;track_structure_error
Kitérő állapota. alkatrészek kopottsága;worn_parts
Felújítási munka. Munkavédelmi lassújel;protecting_workers
Pályaállapot. műszaki állapot, avultság;track_structure_error
Pályaállapot. műszaki állapot, felépítmény avultság;superstructure_error
Pályaállapot. Avult felépítmény, irány-és fekszinthiba;superstructure_error, direction_error, track_level_error
Egyéb ok. A vizsgálóakna állapota miatt;inspection_pit_problem
Pályahiba. Töltéspadka és ágyazatsüllyedés.;sinking_trackbed_kerb, track_sinking
Pályaállapot csak tehervonatok részére. Töltéspadka és ágyazatsüllyedés.;sinking_trackbed_kerb, track_sinking
Pályahiba. szigetelt heveder törés ideiglenes helyreállítása.;broken_rail_fasteners
Pályahiba. Fekszinthiba.;track_level_error
Hatósági határozat. VF.359/9/2002;usage_permit
Egyéb ok. a vágány elbontásra került (2019), funkció nélküli csonkavágány, VHF/8927/2019_ITM;scrapped_track
Pályahiba. Kitérő aljak rossz állapota;faulty_sleepers
Pályaállapot. Avult felépítmény;superstructure_error
Hatósági határozat. Használatbavételi engedély;usage_permit
Hatósági határozat. VF/503/4/2003;usage_permit
Pályaállapot. Avult felépítmény, korhadt aljak;superstructure_error, rotten_wooden_sleepers
Kitérő állapota. kopott alkatrészek, korhadt váltótalpfák;rotten_wooden_sleepers, worn_parts
Pályaállapot csak tehervonatok részére. avult felépítmény;superstructure_error
Pályahiba. Kitérőfák állapota miatt.;rotten_wooden_sleepers
Pályahiba. Mérővonati grafikon alapján;track_structure_error
Pályahiba. Korhadt kitérőaljak, kapcsolószerek nem fognak.;rotten_wooden_sleepers, broken_rail_fasteners
Kitérő állapota. kopott alkatrészek;worn_parts
Pályaállapot. avult felépítmény, korhadt aljak;superstructure_error, rotten_wooden_sleepers
Pályahiba. Keresztezési középrész repedt, nem feltölthető.;broken_switch_frog
Geometria miatt. ív viszonyok, VF/503/4/2003 használatba vételi engedély;given_geometry
Egyéb ok. a vizsgáló akna és a vágány feltöltésre került;filled_track
Pályahiba. Fekszinthiba;track_level_error
Pályahiba. Sáros ágyazat, fekszinthiba;track_level_error, trackbed_muddying
Pályaállapot. avult felépítmény, korhadt talpfa;superstructure_error, rotten_wooden_sleepers
Pályahiba. Elsárosodott ágyazat.;trackbed_muddying
Pályaállapot. avult felépítmény, pályakapacitás csökkentés_2007;superstructure_error, no_maintenance_due_to_capacity_reduction
Pályaállapot.  Pályaszerkezeti elégtelenség;track_structure_error
Pályaállapot. Avult felépítmény, Funkcióval nem rendelkezik az AUDI vágányok kialakítása okán;superstructure_error, disfunctional_track
Hatósági határozat. UVH/VF/727/0/2012 Használatbavételi engedély;usage_permit
Hatósági határozat. átépítés után;usage_permit
Pályahiba. Ker. középrész repedés;broken_switch_frog
Pályaállapot. Avult kitérők, korhadt aljak;superstructure_error, rotten_wooden_sleepers
Pályaállapot. Avult felépítmény, fekszínthibák;superstructure_error, track_level_error
Kitérő állapota. Avult kitérő alkatrész, korhadt aljak;worn_parts, rotten_wooden_sleepers
Pályaállapot. fekszínthibák;track_level_error
Pályaállapot. Avult felépítmény, fekszinthibák;track_level_error, superstructure_error
Pályaállapot csak tehervonatok részére. 192 m kissugarú ív a kitérők között;track_structure_error, small_curve_radius
Pályaállapot csak tehervonatok részére. műszaki állapot, felépítmény avultság;superstructure_error
Geometria miatt. 192 m kissugarú ív a kitérők között;small_curve_radius
Pályaállapot. Avult felépítmény, fekszínthibák, fordítókorong műszaki állapota;turntable_problem
Egyéb ok. Útátjáró használatbavétel hiánya.;unused_crossing
Karbantartási munka. technológiai;protecting_workers
Karbantartási munka. munkavédelmi;protecting_workers
Pályahiba. esőzés után sárosodott vágányrész további romlása.;trackbed_muddying
Pályahiba. Ágyazat sárosodás, fekszinthiba;trackbed_muddying, track_level_error
Pályahiba. sáros ágyazat, fekszint-hiba;trackbed_muddying, track_level_error
Pályahiba. Sáros ágyazat.;trackbed_muddying
Pályaállapot csak tehervonatok részére. ív viszonyok;geometry_error
Kitérő állapota. kopott kitérő alkatrészek, korhadt aljak;worn_parts, rotten_wooden_sleepers
Pályahiba. AS 1830-as átjáró felfutásában fekszint-hiba;track_level_error
Pályahiba. Aljak állapora, elkorhadt kapcsolószerek.;faulty_sleepers, rotten_rail_fasteners
Hatósági határozat. Építési engedély szerint szerinti sebeség;usage_permit
Hatósági határozat. A vágány hatósági forgalomba helyezésre vár.;no_usage_permit
Hatósági határozat. A vágány hatósági forgalomba helyezésre vár;no_usage_permit
Hatósági határozat. Hatósági építési engedély alapján (ívviszonyok);given_geometry, usage_permit
Rálátási háromszög hiánya. Beruházás 104+19 szelvényben lévő gyalogos átjáró rálátás hiánya miatt;reduced_triangle_of_vision
Hatósági határozat. Hatósági építési engedély alapján;usage_permit
Geometria miatt. Kis sugarú ivek, R=250 m;small_curve_radius
Geometria miatt. Kis sugarú ivek, R=250 m és R=500 m;small_curve_radius
Geometria miatt. Kis sugarú ivek, R=425 m;small_curve_radius
Geometria miatt. Alagút szerkezeti kialakítása és kis sugarú ivek, R=300 és R= 590 m között változó ívsugarakkal;tunnel_structure, small_curve_radius
Hatósági határozat. Használatbavételi engedélyben meghatározott sebesség;usage_permit
Hatósági határozat. UVH/VF/3030/14/2013;usage_permit
Egyéb ok. x;unknown
Hatósági határozat. Építési engedély szerint szerinti sebeség.;usage_permit
Pályaállapot. műszaki állapot, avult felépítmény;superstructure_error
Pályaállapot csak tehervonatok részére. Betonaljakban fabetétek avulása.;rotten_wooden_inlay
Kitérő állapota. x;superstructure_error
Pályaállapot. BZ-re 50 km/ó;track_structure_error
Pályahiba. Kapcsolószerek állapota;faulty_rail_fasteners
Pályaállapot. Pálya műszaki állapota;track_structure_error
Pályahiba. Talpfák állapota;rotten_wooden_sleepers
Pályaállapot. menetrendi alapadat, a pálya 80 km/h alkalmas;track_structure_error
Pályaállapot. felépítmény állapota korhadt talpfákx;superstructure_error, rotten_wooden_sleepers
Pályaállapot. menetrendi alapadat,;track_structure_error
Pályaállapot. süppedés, irány hiba;track_sinking, direction_error
Pályaállapot. vb aljakban a fabetétek korhadtak;rotten_wooden_inlay
Pályahiba. irány - és fekszinthibák miatt;direction_error, track_level_error
Pályaállapot. korrodált síntalp, törött alátétlemez, vb aljakban a fabetétek korhadtak;broken_underlay, corroded_rail_foot, rotten_wooden_inlay
Pályaállapot. ágyazat sárosodás;trackbed_muddying
Pályahiba. Irány és fekszinthibák.;direction_error, track_level_error
Pályahiba. Irány és fekszinthibák;direction_error, track_level_error
Pályaállapot. korhadt talpfák;rotten_wooden_sleepers
Pályaállapot. korhadt talpfák, avult felépítmény;rotten_wooden_sleepers, superstructure_error
Pályaállapot. Avult pályaállapot;track_structure_error
Pályaállapot. korhadt talpfák.;rotten_wooden_sleepers
Pályaállapot. alépítmény sárosodása;trackbed_muddying
Karbantartási munka. Ideiglenes forgalomba helyezés;in_between_track_works
Pályaállapot. vb aljakban a fabetétek korhadtak, avult felépítmény;rotten_wooden_inlay, superstructure_error
Pályaállapot. kitérő körzetekben sáros ágyazat;trackbed_muddying
Pályaállapot. sáros ágyazat, avult felépítmény;trackbed_muddying, superstructure_error
Pályaállapot. sáros ágyazat, avul felépítmény, korhadt talpfák, növényzetx;superstructure_error, trackbed_muddying, rotten_wooden_sleepers, vegetation_enroachment
Pályahiba. Avult állapot miatt.;track_structure_error
Pályahiba. Irány és fekszínt hibák;direction_error, track_level_error
Pályahiba. Elsárosodás, fekszint és irányhibák.;track_level_error, trackbed_muddying, direction_error
Pályaállapot. avult felépítmény, sáros ágyazat;trackbed_muddying, superstructure_error
Egyéb ok. Schönt érzéketlenség;13_khz_track_circuit_for_crossing
Egyéb ok. Pályakapacitás csökkentés_2012.12.10;no_maintenance_due_to_capacity_reduction
Egyéb ok. Pályakapacitás csökkentés_2012.12.12;no_maintenance_due_to_capacity_reduction
Egyéb ok. Pályakapacitás csökkentés_2012.12.14;no_maintenance_due_to_capacity_reduction
Pályahiba. Irányhibák és avult aljak;direction_error, faulty_sleepers
Pályaállapot. korhadt talpfák, aljak állapota;rotten_wooden_sleepers, broken_concrete_sleepers
Pályahiba. irányhibák (húrmérés alapján);direction_error
Pályaállapot. sáros ágyazat, avul felépítmény;trackbed_muddying, superstructure_error
Pályaállapot. Geometria_ívsugár, fekszínthiba, sáros ágyazat-;small_curve_radius, track_level_error, trackbed_muddying
Pályahiba. Sáros ágyazat és fekszinthibák az átjárókban;trackbed_muddying, track_level_error
Egyéb ok. vontató járrmű;track_structure_error
Egyéb ok. vontató jármű;track_structure_error
Pályaállapot. Győr felől a fékút 750 m.;track_structure_error, short_braking_distance
Geometria miatt. Ív viszonyok miatt nem szüntethető meg. Győrszabadhegy felől 30 m.;given_geometry
Rálátási háromszög hiánya. A 135+51 szelvényben lévő útátjáró kp.oldalán rálátási háromszög hiánya miatt a közúti forgalom biztonsága érdekében.;reduced_triangle_of_vision
Pályaállapot. rakodó, oldalrakodó.;track_structure_error, sideloading_platform
Pályahiba. Irányhiba miatt;direction_error
Pályaállapot. Tároló vg.;track_structure_error
Egyéb ok miatt. Hidmérleg kihasználatlansága miatt;no_maintenance_due_to_underutilized_track_scale
Pályaállapot. .;track_structure_error
Pályaállapot. fordító csonka tároló vg.;track_structure_error
Pályaállapot. Téglagyári csonka tároló vg.;track_structure_error
Rálátási háromszög hiánya. Csak végpont felől;reduced_triangle_of_vision
Pályaállapot. tároló vg..;track_structure_error
Pályaállapot. Csonkavágány;track_structure_error
Rálátási háromszög hiánya. Kezdőpont felől;reduced_triangle_of_vision
Rálátási háromszög hiánya. .;reduced_triangle_of_vision
Pályahiba. C3-as hibák , FKG szabályozás elmaradása;track_structure_error, skipped_track_works
Híd állapot. Falazat állapot;worn_bridge_wall
Pályaállapot. forgalomból kizárva.;track_structure_error
Pályaállapot. forgalomból kizárva  / csonka /.;track_structure_error
Pályaállapot. rakodó és tároló csonka;track_structure_error
Pályaállapot. Pálya állapota;track_structure_error
Pályaállapot. védőcsonka csonka a 7. váltótól;track_structure_error
Pályaállapot. védőcsonka csonka az 1-es sz.kit.től;track_structure_error
Híd állapot. völgyhidak műszaki állapota miatt;bridge_problem
Rálátási háromszög hiánya. A 674+15 szelvényben lévő útátjáró kp.oldalán rálátási háromszög hiánya miatt a közúti forgalom biztonsága érdekében.;reduced_triangle_of_vision
Rálátási háromszög hiánya. A 721+42 szelvényben lévő útátjáró vp.oldalán rálátási háromszög hiánya miatt a közúti forgalom biztonsága érdekében.;reduced_triangle_of_vision
Pályaállapot. *;track_structure_error
Egyéb ok. .;unknown
Pályaállapot. elsáros ágyazat, fekszínthibás ütközök;trackbed_muddying, buffer_stop_level_error
Pályaállapot. csőáteresz feletti földfeltöltés víz okozta kimosódása_II. vágányban beszakadt ágyazat.;water_stream_pipe_collapse
"Pályaállapot. avult ""I"" felépítmény";superstructure_error
Pályahiba. csőáteresz feletti földfeltöltés víz okozta kimosódása_II. vágányban beszakadt ágyazat.;water_stream_pipe_collapse
Pályaállapot. Menetrendi alapsebesség;track_structure_error
Pályahiba. fekszint hibák és sárosodás;track_level_error, trackbed_muddying
Pályahiba. Pálya állapot;track_structure_error
Rálátási háromszög hiánya. 44+43. sz. a gyalogos útátjáróban Oroszlány irányából nincs meg a rálátási távolság.;reduced_triangle_of_vision
Hatósági határozat. határozat:;usage_permit
"Pályaállapot. avult felépítmény; elsáros ágyazat, fekszínthibás ütközök (hagyományos)";superstructure_error, trackbed_muddying, buffer_stop_level_error
Pályahiba. 97+50 áteresz beszakadt és 3 aljközből az ágyazat teljesen eltűnt.;water_stream_pipe_collapse
Pályahiba. Forgalomból kizárva.;track_structure_error
Geometria miatt. Nem megszüntethető. Pápa felől 50 m.;given_geometry
Pályahiba. Mérővonati C3 hibák miatt.;track_structure_error
Pályaállapot. alépítmény hiba miatt kialakult fekszint és irányhibák;track_level_error, direction_error
Pályaállapot. Műszaki állapot, avult felépítmény;temporary_bridge
Pályaállapot. sáros ágyazat, avul felépítmény, korhadt talpfák;trackbed_muddying, superstructure_error, rotten_wooden_sleepers
Pályaállapot. pályahiba, provizórium;temporary_bridge
Pályahiba. Alépítményi hiányosságok miatt kialakult irány és fekszint hibák miatt.;direction_error, track_level_error
Híd állapot. Hidak állapota;bridge_problem
Pályaállapot. irány és fekszinthiba;direction_error, track_level_error
Pályahiba. Irány és fekszinthibák, meleg időjárás miatt a pálya műszaki állapotának további romlása miatt;direction_error, track_level_error
Geometria miatt. Nem megszüntethető;given_geometry
Pályahiba. Műszaki állapot, talpfák állapota miatt;faulty_sleepers
Pályaállapot. forgalomból kizárva;track_structure_error
Pályahiba. Vágány korossága miatt rossz pályaállapot;track_structure_error
Pályaállapot. ZÁÉV iparvágány.;track_structure_error
Pályaállapot. Irány és fekszinthibák, meleg időjárás miatt a pálya műszaki állapotának további romlása miatt;direction_error, track_level_error
Pályahiba. meleg időjárás miatt kialakult irányhiba;direction_error
Egyéb ok. a végponti oldalon a rálátási háromszög hiánya  Páratlan számú vonatok részére!;reduced_triangle_of_vision
Pályaállapot. Baleset miatti helyreállítás utáni pályaállapot.;recent_accident
Baleset miatt. Baleset miatti helyreállítás utáni pályaállapot.;recent_accident
Pályaállapot. oldalrakodó;track_structure_error, sideloading_platform
Pályahiba. műszaki állapot;track_structure_error
Pályahiba. Pályageometriai hibák;geometry_error
Pályahiba. Örvényáramos mérés C2 hiba;head_check_error
Pályahiba. örvényáramos mérés C2 hiba;head_check_error
Geometria miatt. kis sugarú ív;small_curve_radius
Pályaállapot. forgalomból kizárva, vpo. felől 250 m hosszban kizárólag munkagépek tárolására használható;used_for_carriage_storage
Pályahiba. Síntörés (Ideiglenesen helyreállítva síncserével);broken_rail
Pályahiba. Csilléry dilatációs szerkezet törése;broken_expansion_joint
Pályaállapot. 214-217 szelvények között geometria miatt, a többi a pálya állapota miatt;track_structure_error, given_geometry
Pályaállapot. kihúzó.;track_structure_error
Pályaállapot. Vágány állapota 214+80-220+50 szelvény;track_structure_error
Pályahiba. a vágányban lévő vasbeton aljak fabetétjeinek romlása;rotten_wooden_inlay
Geometria miatt. kissugarú ív;small_curve_radius
Pályahiba. sintörés helyreállítása;broken_rail
Pályaállapot. tábori csonka;track_structure_error
Geometria miatt. Kis sugarú ív. Székesfehérvár felől 1300 m.;small_curve_radius
Pályaállapot. Egyéb védő csonka vg.;track_structure_error
Kitérő állapota. .;superstructure_error
Pályaállapot. Valamint a 11. és a 101-es kitérők közötti részen;track_structure_error
Pályaállapot. Veszprémi csonka tároló vg.;track_structure_error
Pályaállapot. Kuklai csonka tároló vg.;track_structure_error
Pályaállapot. Olajlefejtő, kiadó csonka vg.;track_structure_error
Pályaállapot.  tároló vg., Hh: 217 m;track_structure_error
Pályaállapot. PML rakodó csonka vg.;track_structure_error
Pályaállapot. Mozdonytároló csonka vg.;track_structure_error
Pályaállapot. Csonka tároló;track_structure_error
Pályaállapot. Salak csonka vg.;track_structure_error
Pályaállapot. csonka oldalrakodóval;track_structure_error, sideloading_platform
Pályaállapot. Vágánhídmérl  rakodó csonka vg.;track_structure_error, track_scale
Geometria miatt. Kissugarú ív;small_curve_radius
Pályaállapot. a 469-479 szelvények között pályaállapot, 480-489 szelvények között kissugarú iv;small_curve_radius, track_structure_error
Pályahiba. Elsárosodott ágyazat miatti fekszinthiba;track_level_error, trackbed_muddying
Pályaállapot. Elsárosodott pályarész;trackbed_muddying
Pályaállapot. Védőcsonka a 6-os sz.váltótól;track_structure_error
Pályaállapot. Védőcsonka 12 sz. váltótól;track_structure_error
Pályaállapot. homlok és , oldalrakodó 10 sz.váltótól;track_structure_error, sideloading_platform
Pályaállapot. Homlok csonka 7-es sz.váltótól;sideloading_platform, track_structure_error
Geometria miatt. Geometriai hibák miatt , /alépítményi hibára visszavezethető/;substructure_error, geometry_error
Pályaállapot. védőcsonka a 8. váltótól;track_structure_error
Pályaállapot. védőcsonka a 7. váltótól;track_structure_error
Pályahiba. Síktorzuás hiba miatt.;distorted_track_plane
Híd állapot. hidszerkezet javitás utáni sebességemelés;bridge_problem
Pályahiba. .;track_structure_error
Pályahiba. Padkahiány vadátjárás miatt.;missing_trackbed_kerb_due_to_wildlife_crossing
Geometria miatt. Nem megoldható;given_geometry
Pályaállapot. Rakodó csonka;track_structure_error
Pályaállapot. Szerelő csonka;track_structure_error
Pályahiba. Kapcsolószerek állapota miatt;faulty_rail_fasteners
Pályahiba. A 11-15 sz. kitérők közötti vg.szakasz. rossz állapota miatt A sebességkorlátozás kitűzése a szakasz rövid hossza miatt (15 méter) valamint;joint_srs, track_structure_error
Pályahiba. Fekszint és irányhiba valamint vaksüppedés miatt.;track_level_error, direction_error, track_sinking
Pályahiba. Elsárosodott ágyazat miatt fekszinthiba további romlása;trackbed_muddying, track_level_error
Pályahiba. Fekszint és irányhiba. Sáros pályarész.;track_level_error, trackbed_muddying, direction_error
Pályahiba. Elsárosodott ágyazat miatt;trackbed_muddying
Alépítmény állapota. .;substructure_error
Pályahiba. Sáros ágyazat következtében kialakult fekszint és irányhiba miatt.;trackbed_muddying, track_level_error, direction_error
Pályahiba. A beutazás során tapasztalható a vontató jármű bizonytalan mozgása,útátjáróban lévő kapcsolószerek állapota miatt.;track_structure_error, faulty_rail_fasteners
Pályahiba. Sáros ágyazat mmiatt kialakult fekszint hiba;trackbed_muddying, track_level_error
Pályahiba. Víz zsákos, elsárosodott ágyazat további romlása;trackbed_muddying
Pályahiba. sintörés-hevedertörés helyreállitás;broken_rail, broken_rail_fasteners
Pályahiba. Víz zsákos, elsárosodott ágyazat  a teljes utátjáró alatt;trackbed_muddying
Pályahiba. Kitérő irányu csúcssinén UH hiba van , a pályában nem javítható;broken_switch_point_blade
Pályaállapot. forgalomból.;track_structure_error
Pályahiba. Ágyazat elsárosodása miatt kialakult irány és fekszinthiba.;trackbed_muddying, direction_error, track_level_error
Pályahiba. Pályában nem javitható UH hiba egyenes irányú csúcssinben;broken_switch_point_blade
Pályahiba. Pályában nem javitható UH sinhiba kitérő keresztezési középrészben;broken_switch_frog
Pályahiba. Pályában nem javitható UH sinhiba kitérőben;broken_rail
Pályaállapot. csonka vg..;track_structure_error
Pályaállapot. vágány átépítés utáni seb.korlátozás;after_track_works
Pályahiba. 1163+20 szelvényben síntörés;broken_rail
Egyéb ok. Kiépítési sebesség.;built_for_lower_speed
Egyéb ok. Forgalmi szempontból;unknown
Pályaállapot. Aljak, kapcsolószerek;faulty_sleepers, faulty_rail_fasteners
Pályaállapot. GYSEV csonkavágány Aljak, kapcsolószerek állapota;faulty_sleepers, faulty_rail_fasteners
Pályahiba. Síntörés után kialakult fekszint hiba miatt.;broken_rail, track_level_error
Pályahiba. Keresztezési középrészben C csoportú UH monoblokk repedés miatt.;broken_switch_frog
Geometria miatt. Ív viszonyok;given_geometry
Pályahiba. Fekszinthiba és elverődött hegesztések;track_level_error, broken_rail_welding
Pályaállapot. Aljak kapcsolószerek állapota.,;faulty_sleepers, faulty_rail_fasteners
Pályaállapot. Aljak, kapcsolószerek állapota;faulty_sleepers, faulty_rail_fasteners
Geometria miatt. Kis sugarú ív.;small_curve_radius
Egyéb ok. Állagmegóvás;unknown
Alépítmény állapota. alépítmény állapota miatt.;substructure_error
Pályaállapot. kerti csonka .vg..;track_structure_error
Pályaállapot. vágányhídmérleg;track_structure_error, track_scale
Egyéb ok. ETCS-2 rendszer nem lett kiépitve;no_etcs_2
Pályaállapot. Kissugarú ivek;track_structure_error, small_curve_radius
Pályahiba. UH sínhiba miatt.;broken_rail
Pályahiba. csúcssín töredezettség;broken_switch_point_blade
Alépítmény állapota. rézsű csúszás miatt;sliding_embankment_slope
Pályaállapot. Nagy esözés miatt kialakult vízátfolyás megszüntetése;crossflowing_water
Alépítmény állapota. Nagy esözés miatt kialakult vízátfolyás megszüntetése;crossflowing_water, substructure_error
Pályaállapot. csonka vg.;track_structure_error
Pályaállapot. oldalrakodó.;track_structure_error, sideloading_platform
Pályaállapot. X.csonka vg..vágányhídmérleg;track_structure_error, track_scale
Pályaállapot. XI.felsővezetéki kocsiszin.;track_structure_error
Alépítmény állapota. pálya bal oldalán rézsüsuvadás a sok esőzés következtében;substructure_error, sliding_embankment_slope
Pályaállapot. Végpont felől 1100 m, kezdőpont felől 250 m.;track_structure_error
Pályaállapot. páterdombi csatlakozó vg.-on tolt menetben 15 km/ó;track_structure_error
Pályahiba. aljak állapota;faulty_sleepers
Hatósági határozat. forgalom biztonsága érdekében;due_to_permit_to_increase_safety
Pályaállapot. csonkavágány;track_structure_error
Egyéb ok. ETCS-2 rendszer nem lett kiépitve Szelvényváltás 5+76 = 223+02;no_etcs_2
Egyéb ok. ETCS-2 rendszer nem lett kiépitve Szelvényváltás 0+00 = 228+78;no_etcs_2
Pályaállapot. I. sz.vágány;track_structure_error
Pályaállapot. csonkavágány.;track_structure_error
Pályahiba. Sínfej hosszirányú repedése miatt.;broken_rail
Geometria miatt. Rövid átmeneti ív.;short_transition_curve
Pályahiba. aljcsere után vágányszabályozás elmaradása;skipped_track_works
Rálátási háromszög hiánya. Kpo. felől rálátási háromszög hiánya miatt.;reduced_triangle_of_vision
Pályahiba. A felépítmény műszaki állapota miatt;superstructure_error
Pályahiba. UH hiba a kitérő keresztezési középrészben;broken_switch_frog
Geometria miatt.  Pályageometria miatt;given_geometry
Geometria miatt. Ív, nem szüntethető meg.;given_geometry
Geometria miatt. Kis sugarú ív, nem szüntethető meg.;small_curve_radius
Geometria miatt. Ív, vg. tengely ugratás.;given_geometry
Pályaállapot. I. csonka.vg..;track_structure_error
Pályaállapot. A vágányban található aljak rendkivül rossz állapota miatt.;faulty_sleepers
Pályaállapot. sínvég lehajlás, süppedések;bent_rail_end, track_sinking
Rálátási háromszög hiánya. rálátási háromszög hiánya miatt, útátjáróban süppedés;reduced_triangle_of_vision, track_sinking
Pályaállapot. sínvég lehajlás, süppedés;bent_rail_end, track_sinking
Alépítmény állapota. Elvékonyodott töltés, padkahiány;thinned_embankment_slope, missing_trackbed_kerb
Pályahiba. aljak állapota miatt forgalomból kizárva;faulty_sleepers
Pályahiba. Forgalomból kizárás;track_structure_error
Pályahiba. az előző évi rostálás helyén kialakult fekszint- és irányhibák miatt .;track_level_error, direction_error
Alépítmény állapota. Padkahiány;substructure_error, missing_trackbed_kerb
Karbantartási munka. útátjáró átépítés;protecting_workers
Pályahiba. Nagymérvű elsárosodás, kialakult süppedés miatt.;trackbed_muddying, track_sinking
Alépítmény állapota. Alépitmény hiba;substructure_error
Karbantartási munka. Talpfa cserélési munkák miatt.;protecting_workers
Alépítmény állapota. Vízelvezetés, Csitény-hegy;substructure_error, trackbed_drainage_problem
Pályahiba. Betonalj csere után aláverés hiánya miatt kialakult fekszínt és irányhiba.;skipped_track_works, track_level_error, direction_error
Kivitelezői hiba miatt. Vasbetonalj cserét követően, a kézi vágányszabályozás elvégzéséig.;incompetent_track_works
Geometria miatt. Kis sugarú ívek;small_curve_radius
Pályahiba. Sáros ágyazatban kialakult fekszint és irányhiba miatt;trackbed_muddying, track_level_error, direction_error
Rálátási háromszög hiánya. A 648+30,  és a 649+37 sz.ben levő útátjárókra való szabad rálátás beépítettség miatt.;reduced_triangle_of_vision
Egyéb ok miatt. Gépcserék miatt szükséges;unknown
Pályaállapot. Aljak állapota, irány és fekszinthibák;faulty_sleepers, direction_error, track_level_error
Pályahiba. Útátjáróban kialakult fekszint hiba miatt.;track_level_error
Pályahiba. Süppedés és síktorzulás miatt.;track_sinking, distorted_track_plane
Egyéb ok miatt. állat elütés /szarvas/;animal_hit
Pályaállapot. pálya műszaki állapota;track_structure_error
Hatósági határozat. 822+42 szlv-ben levő útátjáró kezdőponti oldalán rálátási háromszög hiánya miatt.;usage_permit, reduced_triangle_of_vision
Pályaállapot. Avult felépítmény, szennyezett ágyazat.;superstructure_error, dirty_trackbed
Geometria miatt. Kis sugarú iv;small_curve_radius
Pályahiba. Kitérőben aljak állapota miatt;faulty_sleepers
Pályaállapot. csonka vg. forgalomból kizárva.;track_structure_error
Kitérő állapota. forgalomból kizárva.;superstructure_error
Rálátási háromszög hiánya. Az 1021-1024 sz. szelvények közé a végpont felől az 1021+70 szelvényben levő nem biztosított gyalogos útájáróra való szabad rálátá;reduced_triangle_of_vision
Pályaállapot. XII.védő csonka vágány;track_structure_error
Pályaállapot. korábbi beton  vg.(DISZEL scvp ) részben járható.;track_structure_error
Pályaállapot. korábbi felhúzó csonka vg.2/5 sz.váltótól a földkúpig  (DISZEL scvp ) forgalomból kizárva;track_structure_error
Pályaállapot. Bor vagy új rakodó csonka vg.;track_structure_error
Pályaállapot. korábbi rakott felfúzó 2/5 sz.váltóig .(DISZEL scvp ) részben járható.;track_structure_error
Pályaállapot. korábbi rakodó vg. (DISZEL scvp ) részben járható.;track_structure_error
Pályaállapot. üzemi csonka vg.(Szén vagy TVG )..;track_structure_error
Pályaállapot. üzemi vg. (csonka vg.  ) üzemanyag lefej;track_structure_error
Pályaállapot. üzemi vg. (szertár kelet vg. );track_structure_error
Pályaállapot. üzemi vg. (szertár röptető vg. ) 208 sz.váltótól 305 m;track_structure_error
Pályaállapot. üzemi csonka vg.(Pft).;track_structure_error
Pályaállapot. üzemi vg.(volt vontatási telep I.vg.).;track_structure_error
Pályaállapot. V.vízház tároló csonka vágány;track_structure_error
Pályaállapot. üzemi vg. (szertár egyenes ) 210 sz.váltótól 219 m;track_structure_error
Pályaállapot. üzemanyag töltő vg.(volt vontatási telep V.vg). 165 m;track_structure_error
Pályaállapot. homlok rakodó csonka vg..;track_structure_error
Pályaállapot. XI.BOR egyenes csonka vágány.;track_structure_error
Pályahiba. Forgalomból kizárva;track_structure_error
Pályaállapot. XIII.Freller rakodó csonka. vágány.;track_structure_error
Hatósági határozat. az érintett pályaszakasz kiépítési sebessége;usage_permit
Pályaállapot. műszaki állapot miatt a vágány forgalomból kizárva;track_structure_error
Pályaállapot. korhadt aljak;rotten_wooden_sleepers
Pályaállapot. avult felépítmény (tároló);superstructure_error
Kitérő állapota. avult felépítmény, korhadt aljak;superstructure_error, rotten_wooden_sleepers
Alépítmény állapota. fekszinthibák süppedés elsarasodott ágyazat, víztelenítési problémák;track_level_error, trackbed_muddying, trackbed_drainage_problem
Hatósági határozat. az érintett pályszakasz kiépítési sebessége;usage_permit
Egyéb ok. elsodrási határ;narrow_safety_distance_on_platform
Pályahiba. C2 típusú HC-hiba a kitérő alkatrészekben;head_check_error
Hatósági határozat. UVH/VF/1570/32/2015;usage_permit
Pályahiba. Fekszinthibák, ágyazat sárosodása.;track_level_error, trackbed_muddying
Pályahiba. egyoldali visszatérő fekszinthiba;distorted_track_plane
Pályaállapot. Fekszint hibák;track_level_error
Hatósági határozat. VHF/51548-3/2018-ITM;usage_permit
Pályaállapot. aljak rossz állaga, kitérő alkatrész kopása;faulty_sleepers, worn_parts
Pályaállapot. avult felépítmény, aljak rossz állaga;superstructure_error, faulty_sleepers
Pályaállapot. aljak rossz állaga;faulty_sleepers
Kitérő állapota. aljak rossz állaga, kitérő alkatrészek kopása;faulty_sleepers, worn_parts
Pályaállapot. avult felépítmény, süppedések;superstructure_error, track_sinking
Pályaállapot. avult felépítmény, sín korroziója;superstructure_error, corroded_rail
Pályahiba. Kitérőalkatrészek kopottsága;worn_parts
Pályaállapot. geometria (lejtviszony), avult felépítmény;incline, superstructure_error
Pályahiba. nyomtávolság változás közbenső részben;gauge_error
Pályaállapot. geometria (lejtviszony), aljak állapota;incline, faulty_sleepers
Pályahiba. nyomtávolság változás közbenső részben, rossz aljállag;gauge_error, faulty_sleepers
Pályahiba. korhadt aljak;rotten_wooden_sleepers
Kitérő állapota. aljak rosssz állaga;superstructure_error, faulty_sleepers
Pályaállapot. felépítmény avultsága, sín korroziója;superstructure_error, corroded_rail
Egyéb ok. geometria (lejtviszony);incline
Kitérő állapota. avult felépítmény, alkatrész kopás;superstructure_error, worn_parts
Pályaállapot. aljak rossz állaga, fabetétek;faulty_sleepers, rotten_wooden_inlay
Pályaállapot. fekszinthibák, süppedés;track_sinking
Pályaállapot. Fekszinthiba, híd csatlakozó részén;track_level_error
Pályahiba. vez.táv.max. hibák miatt;unknown
Egyéb ok. sín korrózió, árú szóródás;corroded_rail, goods_scattered_on_tracks
Pályaállapot. fekszinthibák, süppedések;track_sinking
Pályahiba. sáros ágyazat, fekszinthiba;trackbed_muddying, track_level_error
Hatósági határozat. környezetvédelmi engedély;environmental_permit
Egyéb ok. biztonsági ok;safety_issue
Pályaállapot. alj állapota;faulty_sleepers
Pályahiba. műszaki állapot, ( csúcsbetét, könyöksín kitöredezése );broken_switch_frog_insert, broken_switch_frog_rail
Hatósági határozat. környezetvédelmi  engedély;environmental_permit
Hatósági határozat. használatbavételi engedély;usage_permit
Hatósági határozat. Használatbavételi határozat alapján;usage_permit
Pályahiba. csúcsbetét jitöredezése;broken_switch_frog_insert
Rálátási háromszög hiánya. rálátás hiánya;reduced_triangle_of_vision
Pályahiba. sáros ágyazat;trackbed_muddying
Pályahiba. földkúp állapota;state_of_earthen_bumper
Pályaállapot csak tehervonatok részére. műszaki állapot miatt;track_structure_error
Pályahiba. fekszinthiba sáros ágyazat;track_level_error, trackbed_muddying
Pályahiba. pályageometriai hiba;geometry_error
Pályaállapot. pálya műszaki állapota miatt;track_structure_error
Pályaállapot. műszaki állapot miatt;track_structure_error
Pályaállapot. A pálya műszaki állapota;track_structure_error
Pályahiba. fekszinthiba felsárosodás;track_level_error, trackbed_muddying
Pályaállapot. sáros ágyazat;trackbed_muddying
Pályaállapot. vágány műszaki állapota miatt.;track_structure_error
Pályahiba. keretmerevség hiánya miatt!;no_track_frame_stiffness
Pályaállapot. A vágány műszaki állapota miatt.;track_structure_error
Pályahiba. pálya avultsága;track_structure_error
Pályahiba. átmeneti hegesztés törése.;broken_rail_welding
Pályahiba. HC hiba;head_check_error
Pályahiba. felsárosodott fekszinthibák;trackbed_muddying, track_level_error
Pályahiba. pályaállapot romlása miatt;track_structure_error
Pályahiba. kopott alkatrészek, aljállag;worn_parts, faulty_sleepers
Pályahiba. keresztezési középrészben kitörés;broken_switch_frog
Pályahiba. méretihány;too_small_sleepers
Hatósági határozat. hatósági előírás;usage_permit
Hatósági határozat. Hatósági határozat UVH/VF/1570/32/2015 NKH használatbavételi engedély;usage_permit
Beruházási munka. Forgalomba-helyezés után technológiai okból;after_track_works
Pályaállapot csak tehervonatok részére. vágánygeometria romlása;geometry_error
Pályahiba. pályaállapot mérővonati eredmények alapján;track_structure_error
Rálátási háromszög hiánya. rálátás hiánya miatt;reduced_triangle_of_vision
Pályahiba. Aljállag romlás;faulty_sleepers
Híd állapot. provizórium;temporary_bridge
Karbantartási munka. pályaelmosás helyreállítása után;after_track_works
Pályaállapot. pálya műszaki  állapota;track_structure_error
Pályahiba. pályaállapot miatt mérővonati eredmények alapján;track_structure_error
Rálátási háromszög hiánya. műszaki állapot;reduced_triangle_of_vision
Pályaállapot csak tehervonatok részére. pályaállapot mérővonati eredmények alapján;track_structure_error
Egyéb ok. Provizórium  miatt;temporary_bridge
Pályaállapot csak tehervonatok részére. Műszaki állapot;track_structure_error
Geometria miatt. Kissugarú  ív  miatt.;small_curve_radius
Egyéb ok. Provizórium;temporary_bridge
Pályaállapot. pálya műszaki állapota  miatt;track_structure_error
Pályaállapot. Felépítmény állapota;superstructure_error
Pályahiba. felépítmény állapot;superstructure_error
Pályaállapot. aljállag miatt;faulty_sleepers
Pályahiba. pálya műszaki állapot;track_structure_error
"Pályaállapot. műszaki állapot miatt
IV.szm. Somogyszob";track_structure_error
"Pályaállapot. műszaki   állapot miatt
IV.szm. Somogyszob";track_structure_error
Pályahiba. pálya avulása;track_structure_error
Pályaállapot. a vágány műszaki állapota miatt;track_structure_error
Pályahiba. rossz aljállag;faulty_sleepers
Pályahiba. műszaki állapot miatt;track_structure_error
Pályaállapot.  műszaki állapot;track_structure_error
Pályahiba. keretmerevség hiánya;no_track_frame_stiffness
Pályahiba. vágány műszaki állapota;track_structure_error
Hatósági határozat. Geometria miatt. (UVH/VF/1077/2011);usage_permit, given_geometry
Hatósági határozat. UVH/VF/1067/1/2011;usage_permit
Hatósági határozat. Geometria;given_geometry, usage_permit
Hatósági határozat. Geometria végett;given_geometry, usage_permit
Pályaállapot. felépítmény korossága;superstructure_error
Pályahiba. sárosodás és fekszinthiba;trackbed_muddying, track_level_error
Pályaállapot. alj állag;faulty_sleepers
Pályahiba. kézi ágyazatcsere utáni pálya geometriai hibák;geometry_error, after_track_works
Pályahiba. KIAG szabályozás utáni sebesség emelés, pálya geometriai hiba;after_track_works, geometry_error
Pályaállapot. aljak avulása;faulty_sleepers
Pályahiba. pálya állapot romlás;track_structure_error
Alépítmény állapota. alépítményhiba miatt;substructure_error
Pályaállapot. műszaki ok miatt kizárva;track_structure_error
Pályahiba. FKG szabályozás után;after_track_works, track_structure_error
Pályahiba. pályageometriai hiba romlása.;geometry_error
Pályahiba. aljállag miatt.;faulty_sleepers
Karbantartási munka. FKG szabályozás után;after_track_works
Pályahiba. rézsűomlás miatt;collapsed_embankment_slope
Pályaállapot csak tehervonatok részére. pálya műszaki állapota;track_structure_error
Karbantartási munka. FKG szabályozás után sebeségemelés;after_track_works
Pályahiba. nagygépi vágányszabályozás után;track_structure_error, incompetent_track_works
Karbantartási munka. pályakarbantartás után;after_track_works
Pályaállapot. csatornafedlapok süllyedése miatt kialakult fekszint hiba;manhole_cover_sinking, track_level_error
Egyéb ok. bizt.ok.;safety_issue
Pályaállapot. 41 vonali kissugaru ív miatt;small_curve_radius
Pályahiba. aljcserék után;incompetent_track_works, track_structure_error
Pályahiba. aljállag;faulty_sleepers
Pályahiba. egyenes irányba kiszögelve.Oka:Kampózár kopottsága.;worn_switch_lock
Pályahiba. rossz aljállag miatt.;faulty_sleepers
Hatósági határozat. kissugarú iv;small_curve_radius, usage_permit
Pályaállapot. Nyomtávhibák  miatt.;gauge_error
Pályaállapot. Nyomtávhibák miatt.;gauge_error
Pályahiba. pályaállapot;track_structure_error
Pályahiba. a kitérő avult aljállag miatt mindkét irányban a forgalomból kizárva;faulty_sleepers
Pályaállapot. pálya műszaki állapot;track_structure_error
Pályahiba. síntörés ideiglenes helyreállítása után;broken_rail
Hatósági határozat. kissugarú ív és pályaállapot miatt+pályaállapot romlás;usage_permit, small_curve_radius, track_structure_error
Hatósági határozat. kissugarú ív és pályaállapot miatt;usage_permit, small_curve_radius, track_structure_error
Pályahiba. UH hiba kitérő alkatrészben;broken_rail
Egyéb ok. 115-24/2009;unknown
Egyéb ok. bizt. ok. peron, avult felépítmény;platform_issues, superstructure_error
Pályahiba. síntörés;broken_rail
Pályaállapot csak tehervonatok részére. műszaki állapot;track_structure_error
Pályahiba. avult aljállag;faulty_sleepers
Pályahiba. sáros ágyazat miatt;trackbed_muddying
Pályaállapot. A vágányok műszaki állapota miatt.;track_structure_error
Pályahiba. alépítmény és geometriai hiba;substructure_error, geometry_error
Egyéb ok. Pályakapacitás csökkentés_2012.12.20;no_maintenance_due_to_capacity_reduction
Hatósági határozat. átmeneti iv hiánya miatt;usage_permit, no_transition_curve
Egyéb ok miatt. Iparvágány szerződések lejárata;no_contract_for_spur
Hatósági határozat miatt. A  kitérő a forgalomból kizárva  a  Konténer  pu.-n zajló bontási munkák miatt.;usage_permit, track_works
Pályahiba. keretmerevség hiánya, pályaállapot;track_structure_error, no_track_frame_stiffness
Pályaállapot. Sáros ágyazat és fekszint hibák;trackbed_muddying, track_level_error
Pályaállapot. avult aljak;faulty_sleepers
Pályahiba. Kitérő alkatrész kopása miatt.;worn_parts
Pályaállapot. avult alj állapot;faulty_sleepers
Pályaállapot. sárfoltok, fekszinthiba;trackbed_muddying, track_level_error
Pályahiba. Korábban a forgalom elől kizárt kitérő műszaki állapotának javítása után;after_track_works, superstructure_error
Pályaállapot. avult, fel- alépítmény;superstructure_error, substructure_error
Kitérő állapota. koros, avult alkatészek;worn_parts
Geometria miatt. ívsugár;small_curve_radius
Geometria miatt. ívsugár miatt;small_curve_radius
Pályaállapot. műszaki állapot romlás;track_structure_error
Pályahiba. mérővonat  mérési eredménye alapján észlelt pályahibák;track_structure_error
Rálátási háromszög hiánya. rálátási háromszög;reduced_triangle_of_vision
Pályaállapot. műszaki ok;track_structure_error
Pályahiba. esőzés miatti pályaállapot romlás miatt;trackbed_drainage_problem, track_structure_error
Pályahiba. fekszinthiba;track_level_error
Pályahiba. pályageometriai hiba alépítményhiba;geometry_error, substructure_error
Pályahiba. varrat törés;broken_rail_welding
Pályahiba. síntörés miatt;broken_rail
Pályahiba. AT varratszakadás;broken_rail_welding
Geometria miatt. ívviszony;small_curve_radius
Pályahiba. edilon útátjáróban nyomcsaornában kiöntő anyag tönkremenetele;groove_error
Alépítmény állapota. alépítményhiba;substructure_error
Pályahiba. síntörés  helyreállítása;broken_rail
Pályaállapot. A pálya műszaki állapota miatt.;track_structure_error
Geometria miatt. Pszabolcs felől 250.;given_geometry
Pályahiba. műszaki állapot (alj és kapcsolószer);faulty_sleepers, faulty_rail_fasteners
Pályaállapot. Irányhiba, fekszinthiba, avult felépítmény;direction_error, track_level_error, superstructure_error
Híd állapot. Teknőhídra utólag épített vasbeton szegély megdőlt.;worn_bridge_edge
Rálátási háromszög hiánya. Csak Paks felől;reduced_triangle_of_vision
Pályahiba. korhadt fabetétek miatt;rotten_wooden_inlay
Pályaállapot. Irányhiba;direction_error
Pályaállapot. Avult felépítmény, irányhiba;superstructure_error, direction_error
Pályahiba. Irányhibák és oldalkopás;rail_side_wear, direction_error
Felújítási munka. A 4. sz. kitérő mellékirányaira, továbbá IV. sz. vágányban fekvő 4. sz. kitérő és a IX. vágányban fekvő 12. sz. kitérő közötti vágányszakaszra;protecting_workers
Kitérő állapota. Váltótalpfák- alkatrészek állapota;rotten_wooden_sleepers, worn_parts
Pályahiba. irányhiba.;direction_error
Pályahiba. Írányhiba;direction_error
Pályahiba. UH sínhiba;broken_rail
Pályahiba. Sínfej kitöredezés.;head_check_error
Pályahiba. kettős keresztezés kopás;rail_wear
Rálátási háromszög hiánya. csak Paks felől.;reduced_triangle_of_vision
Geometria miatt. Pszabolcs felől 50. m.;given_geometry
Kitérő állapota. kitérők alj állaga;faulty_sleepers
Pályahiba. Irányhiba;direction_error
Pályaállapot. avult felépítmény, műszaki állapota;superstructure_error
Egyéb ok miatt. Elzárt vágányra terel;no_maintenance
Pályaállapot. Fekszint, irányhiba;track_level_error, direction_error
Pályahiba. Irány és fekszint hibák;direction_error, track_level_error
Rálátási háromszög hiánya. mindkét ir. 50.m.;reduced_triangle_of_vision
Pályaállapot. avult alj, kapcsolószer állapot;faulty_sleepers, faulty_rail_fasteners
Pályahiba. csúcsbetét repedés;broken_switch_frog_insert
Pályaállapot. átépítve használt felépítményi anyaggal;used_material_was_built_in
Kitérő állapota. kitérőalkatrész kopás;worn_parts
Pályaállapot. vb aljakban a fabetétek korhadtak, acélsín korossága;rotten_wooden_inlay, rail_material_error
Pályahiba. kitérő kopás;worn_parts
Pályaállapot. aljak állaga;faulty_sleepers
Pályahiba. vez.táv.max. értékek miatt;unknown
"Hatósági határozat. UVH/VF/849/0/2013; Útátjáró csökkentett rálátási háromszöge";usage_permit, reduced_triangle_of_vision
Hatósági határozat. UVH/VF/849/0/2013;usage_permit
Hatósági határozat. UVH/VF/1766/11/2012;usage_permit
Pályaállapot. sáros ágyazat és alj állag;trackbed_muddying, faulty_sleepers
Egyéb ok miatt. Iparvágány szerződés megszűnése miatt.;no_contract_for_spur
Geometria miatt. átmeneti iv hiánya.;no_transition_curve
Meleg időjárás miatti állapot romlás. fekszint és irányhibák;track_level_error, direction_error
Biztosítóberendezési okból. söntérzéketlenség miatt;13_khz_track_circuit_for_crossing
Geometria miatt. ív miatt;small_curve_radius
Egyéb ok. nem épült át;unknown
Pályahiba. fekszint és irányhibák miatt;track_level_error, direction_error
Pályahiba. Kapcsolószerek állapota miatt.;faulty_rail_fasteners
Elemi esemény miatt. vízátfolyás, sárelöntés miatt;crossflowing_water, mudslide
Egyéb ok. söntérzéketlenség miatt hegesztés;13_khz_track_circuit_for_crossing
Egyéb ok miatt. söntérzéketlenség;13_khz_track_circuit_for_crossing
Meleg időjárás miatti állapot romlás. kezdődő irányhiba;direction_error
Pályaállapot. A  vágányok műszaki állapota miatt.;track_structure_error
Pályaállapot. vágányok műszaki állapota miatt.;track_structure_error
Útátjáró állapota. rálátási háromszög hiánya miatt;reduced_triangle_of_vision
Pályahiba. Ideiglenes helyreállítás után;track_structure_error
Kitérő állapota. kitérő műszaki állapot;superstructure_error
Pályaállapot csak tehervonatok részére. A vágányok műszaki állapota miatt.;track_structure_error
Pályaállapot. A vágányok   műszaki állapota miatt.;track_structure_error
Pályahiba. műszaki ok;track_structure_error
Pályahiba. fekszint és sinhibák;track_level_error, rail_material_error
Pályahiba. síngeometriai torzulása;geometry_error
Pályahiba. pályageometriai hibák;geometry_error
Pályaállapot. aljállag;faulty_sleepers
Pályaállapot csak tehervonatok részére. a pálya műszaki állapota miatt;track_structure_error
Pályahiba. geometriai hiba;geometry_error
Pályahiba. Geometriai hiba;geometry_error
Egyéb ok miatt. rálátási háromszög hiánya;reduced_triangle_of_vision
Biztosítóberendezési okból. Útátjáró söntérzéketlenség;13_khz_track_circuit_for_crossing
Pályaállapot. Talpfa állag miatt.;rotten_wooden_sleepers
Karbantartási munka. vasbetonalj csere;protecting_workers
Pályahiba. geometriai torzulások meleg idő miatt;geometry_error
Geometria miatt. Ívsugár miatt;small_curve_radius
Egyéb ok. Forgalom szünetelés;closed_line_section
Pályahiba. geometriai torzulások,nyomtávhiba.;geometry_error, gauge_error
Pályahiba. geometriai torzulások,nyomtávhibák.;geometry_error, gauge_error
Pályahiba. nyomtávhibák;gauge_error
Egyéb ok. Forgalom szünetel;closed_line_section
Pályaállapot. Csak tehervonati közlekedés;track_structure_error
Pályahiba. aljállag miatt  a kitérő a forgalomból kizárva.;faulty_sleepers
Geometria miatt. Kissugarú ív miatt.;small_curve_radius
Pályaállapot. műszaki állapot, forgalom szünteltetés alatt;track_structure_error, closed_line_section
Rálátási háromszög hiánya. Útátjáró rálátási háromszög hiánya miatt.;reduced_triangle_of_vision
Pályahiba. vágány használaton kívűl, járhatatlan forgalomból kizárva avult aljállag miatt;closed_line_section, faulty_sleepers
Pályahiba. vágány használaton kívűl,  járhatatlan, forgalomból kizárva;closed_line_section, track_structure_error
Pályahiba. vágány használaton kívűl, járhatatlan, forgalomból kizárva;track_structure_error, closed_line_section
Egyéb ok miatt. söntérzéketlenség  miatt;13_khz_track_circuit_for_crossing
Pályahiba. pályageometriai hibák romlása;geometry_error
Meleg időjárás miatti állapot romlás. pálya torzulás, irányhiba;direction_error, geometry_error
Egyéb ok. AS 111 sz. útátjáró söntérzéketlenség miatt;13_khz_track_circuit_for_crossing
Pályahiba. UH hiba kitérőalkatrészben;broken_rail
Pályaállapot. kizárva, Vasúti megközelítés nem lehetséges;superstructure_error, cut_off_track
Kitérő állapota. Avult felépítmény, aljak állapota;superstructure_error, faulty_sleepers
Hatósági határozat. fejpályaudvari kialakítás a lassújel nem megszüntethető;usage_permit, track_is_dead_end
Pályaállapot. Avult felépítmény, aljak állapota, kizárva;superstructure_error, faulty_sleepers
Pályaállapot. Avult felépítmény, aljak állapota;superstructure_error, faulty_sleepers
Pályahiba. Függőleges kapcsolószerek sorozatos törése.;broken_rail_fasteners
Pályahiba. kapcsolószerek - és alépítményi hibák miatt;faulty_rail_fasteners, substructure_error
Pályahiba. Alépítményi hiba.;substructure_error
Hatósági határozat. Technikai okból, ez a vágány pályasebessége is egyben;usage_permit
Pályaállapot. Avult felépítmény, kizárva;superstructure_error
Pályaállapot. tartósan tárolt kocsik (Máltai Szsz. ), kizárva;used_for_permanent_carriage_storage
Pályaállapot. tartósan tárolt kocsik (Máltai Szsz. ) kizárva;used_for_permanent_carriage_storage
Menetrendi alapadatba nem beépíthető korlátozás (műszaki). sorozatos síncsavar kiszakadások.;broken_rail_fastener_screws
Pályaállapot. süppedés és nyombővülés;track_sinking, increased_gauge
Pályaállapot. Mérővonati grafikon alapján;track_structure_error
Pályaállapot. sárosodás és fekszint-hibák miatt;trackbed_muddying, track_level_error
Pályaállapot. Avult felépítmény, a forgalomból kizárva;superstructure_error
Kitérő állapota. Siklás után kizárva;recent_derailment
Pályaállapot. Avult felépítmény,aljak állapota, síncsavarok kiszakadása;superstructure_error, faulty_sleepers, broken_rail_fastener_screws
Pályaállapot. Avult  felépítmén, aljak állapota, forgalomból kizárva;superstructure_error, faulty_sleepers
Pályaállapot. Avult felépítmény, aljak állapota,;faulty_sleepers, superstructure_error
Pályaállapot. Avult felépítmény, aljak-, leszorító csavarok állapota, forgalomból kizárva;superstructure_error, faulty_rail_fasteners, faulty_sleepers
Pályaállapot. Avult felépítmény, aljak-, leszorító csavarok állapota,;faulty_sleepers, faulty_rail_fasteners, superstructure_error
Pályaállapot. fekszint- és irányhibák;track_level_error, direction_error
Két közeli sebességkorlátozás közti pályaszakaszokra (műszaki). két  állandó LJ között nincs meg az általános fékút;joint_srs
Pályahiba. Alépítményi hiba, elsárosodás, fekszinthibák.;substructure_error, trackbed_muddying, track_level_error
Pályaállapot. Avult felépítmény, aljak-, leszorító csavarok állapota forgalomból kizárva;superstructure_error, faulty_sleepers, faulty_rail_fasteners
Pályaállapot. Avult felépítmény, aljak-, leszorító csavarok állapota;superstructure_error, faulty_sleepers, faulty_rail_fasteners
Pályaállapot. Avult felépítmény, aljak-, leszorító csavarok állapota, sárosodás, fekszinthibák;superstructure_error, faulty_sleepers, faulty_rail_fasteners, trackbed_muddying, track_level_error
Pályaállapot. Avult felépítmény, aljak-, leszorító csavarok állapota, sárosodás, fekszinthibák forgalomból kizárva;superstructure_error, faulty_sleepers, faulty_rail_fasteners, trackbed_muddying, track_level_error
Pályahiba. ágyazat sárosodásának fokozódása;trackbed_muddying
Pályahiba. a 6. sz. kitérőben kialakult fekszinthibák;track_level_error
Pályahiba. 6/a sz. kitérő egyszerű keresztezésében a csúcsbetét kitöredezése.;broken_switch_frog_insert
Pályaállapot. Avult felépítmény, aljak állapota, sárosodás;superstructure_error, faulty_sleepers, trackbed_muddying
Egyéb ok miatt. Forgalomba helyezés;after_track_works
Pályaállapot csak tehervonatok részére. hídfő és a felszerkezet között függőleges irányú elmozdulás.;vertically_moving_bridge_structure
Pályaállapot.  Avult felépítmény, aljak-, leszorító csavarok állapota;superstructure_error, faulty_sleepers, faulty_rail_fasteners
Pályaállapot csak tehervonatok részére. x;track_structure_error
Pályaállapot. A hegyoldal előrehaladott eróziója, sár- és hordalékelöntés veszélye, ágyazat szennyezettsége;danger_of_mudslide, dirty_trackbed
Két közeli sebességkorlátozás közti pályaszakaszokra (műszaki). Technológiai;joint_srs
Pályahiba. Alápítményi hiba.;substructure_error
Geometria miatt.;given_geometry
Pályahiba. AS 12 sz. útátjáróban nyombővülés, aljak állapota.;increased_gauge, faulty_sleepers
Pályahiba. ideiglenesen helyreállított síntörés, sínhiba, vasbetonaljak állapota.;broken_rail, rail_material_error, broken_concrete_sleepers
Pályahiba. Útátjáróban avult aljak.;faulty_sleepers
Pályahiba. Csapadékos időjárás utáni jelentős állagromlás: fekszinthiba, sárosodás, vasbetonaljak állapota;track_level_error, trackbed_muddying, broken_concrete_sleepers
Pályahiba. Síntörés ideiglenes elhárítása.;broken_rail
Pályahiba. Tősínbe AT törés ideiglenes síncserével, felhevederezéssel helyreállítva;broken_rail
Pályahiba. Útátjáró és csatlakozó vágányszakaszok elsárosodása.;trackbed_muddying
"Pályahiba. ""C3"" kat. hiba további romlása miatt";track_structure_error
Pályaállapot csak tehervonatok részére. Csak tehervonatok részére.;track_structure_error
Pályaállapot csak tehervonatok részére. 40 km/h a tehervonatok részére;track_structure_error
Rálátási háromszög hiánya. Csak Balassagyarmat felől;reduced_triangle_of_vision
Baleset miatt. ideiglenes helyreállítás után technológiai okból;recent_accident
